{"cameraMode":{"drawMode":0,"name":"Shaded","section":"Shading Mode"},"sceneLighting":true,"audioPlay":false,"sceneViewState":{"showFog":true,"showMaterialUpdate":true,"showSkybox":true,"showFlares":true,"showImageEffects":true,"showParticleSystems":true},"in2DMode":false,"pivot":{"x":102.6941146850586,"y":15.155776977539063,"z":318.6186218261719},"rotation":{"x":-0.33393368124961855,"y":0.013817408122122288,"z":-0.004895566031336784,"w":-0.942482590675354},"size":166.53799438476563,"orthographic":false}