{"cameraMode":{"drawMode":0,"name":"Shaded","section":"Shading Mode"},"sceneLighting":true,"audioPlay":false,"sceneViewState":{"showFog":true,"showMaterialUpdate":true,"showSkybox":true,"showFlares":true,"showImageEffects":true,"showParticleSystems":true},"in2DMode":false,"pivot":{"x":226.60980224609376,"y":4.36810302734375,"z":273.4537353515625},"rotation":{"x":0.07192785292863846,"y":-0.9241614937782288,"z":0.30575665831565859,"w":0.21740470826625825},"size":594.255859375,"orthographic":false}